{"schemaVersion":"1.0","appDefinitionTemplate":{"id":"/providers/Microsoft.PowerApps/apps/","type":"Microsoft.PowerApps/apps","tags":{"primaryDeviceWidth":"768","primaryDeviceHeight":"1366","supportsPortrait":"true","supportsLandscape":"true","primaryFormFactor":"Tablet","publisherVersion":"3.22121.19","minimumRequiredApiVersion":"2.2.0","hasComponent":"false","hasUnlockedComponent":"false","isUnifiedRootApp":"false","sienaVersion":"20230104T102627Z-3.22121.19.0"},"properties":{"appVersion":"2023-01-04T10:26:27Z","lifeCycleId":"Published","createdByClientVersion":{"major":3,"minor":22121,"build":19,"revision":0,"majorRevision":0,"minorRevision":0},"minClientVersion":{"major":3,"minor":22121,"build":19,"revision":0,"majorRevision":0,"minorRevision":0},"backgroundColor":"RGBA(0,176,240,1)","backgroundImageUri":"/2466414685825514097/Ncfaf673e-3ac7-46d0-823b-f3bc2192e682-logoSmallFile","displayName":"Age Calculator app","description":"","commitMessage":"","appUris":{"documentUri":{"value":"/2466414685825514097/N5c3bda90-57f5-4b69-9be8-076473d68a1d-document.msapp"},"imageUris":[],"additionalUris":[]},"createdTime":"0001-01-01T00:00:00Z","lastModifiedTime":"0001-01-01T00:00:00Z","sharedGroupsCount":0,"sharedUsersCount":0,"icons":{"smallIconUri":"/2466414685825514097/N01d86b87-c9cd-42b3-be10-3282394dbbe0-small.png","mediumIconUri":"/2466414685825514097/Nf901a42e-f613-43df-97fb-16cd22316dec-medium.png","largeIconUri":"/2466414685825514097/Nfcc50aad-f9a9-4e94-9ee7-2136a2a7b7e0-large.png","wideIconUri":"/2466414685825514097/N2fea264c-64eb-4818-874f-e8d398185ef4-wide.png"},"connectionReferences":{},"databaseReferences":{},"almMode":"Solution","performanceOptimizationEnabled":true,"canConsumeAppPass":true,"enableModernRuntimeMode":false,"executionRestrictions":{"isTeamsOnly":false,"dataLossPreventionEvaluationResult":{"status":"Compliant","lastEvaluationDate":"2023-01-04T10:16:32.8293513Z","violations":[],"violationsByPolicy":[],"violationErrorMessage":"The app uses the following connectors: ."}}},"appType":"ClassicCanvasApp","appComponents":[]}}